,quality
4722,6
3774,5
2028,6
855,7
2033,5
3543,6
2686,6
2912,7
2266,5
646,4
1101,6
866,7
248,6
1535,6
4510,6
985,6
1077,5
838,8
435,5
1378,6
2730,5
599,6
1329,5
1107,7
3678,5
2932,6
1338,5
4831,6
1162,7
637,5
4352,5
839,5
2547,5
418,6
3809,6
1207,5
254,6
4341,6
3111,7
35,5
4154,5
1041,5
1071,5
4591,6
4732,6
907,6
3495,7
2749,6
683,5
87,5
84,6
4281,5
3685,6
1957,6
413,7
1434,6
1547,6
3680,6
27,6
3164,6
1651,6
4457,5
3497,6
3975,7
1523,6
4356,5
2716,5
784,5
3911,6
364,7
4290,5
3838,5
1310,6
614,5
755,7
2915,6
1094,5
2903,6
4689,6
4049,6
3652,6
62,7
1417,7
4890,6
2675,7
2169,7
834,6
3265,3
318,7
112,5
3517,7
1400,7
2672,7
350,6
3371,6
1634,6
2736,6
2233,5
3500,7
4439,5
2628,6
2652,7
508,6
1330,5
1025,6
110,5
1238,7
1042,6
768,6
4020,4
796,5
3871,6
4203,5
400,5
1994,6
717,5
1002,6
4056,5
855,7
830,6
4650,5
1005,6
1418,5
3711,6
3476,8
3226,6
4723,6
1209,6
1300,6
736,5
4694,7
3625,5
4871,6
2707,5
1321,6
537,6
2616,7
702,4
349,5
3307,3
505,6
55,6
1046,5
2921,6
1156,7
3857,6
2462,5
909,6
2371,5
1921,5
820,5
197,6
2911,5
22,8
111,5
3604,6
4703,7
1421,6
576,6
2150,6
4726,6
1120,8
58,6
259,4
240,5
3978,7
936,5
181,5
1490,6
3956,5
1150,7
4448,5
400,6
1482,4
2795,8
707,6
3074,5
368,6
2722,7
4817,6
1465,5
2938,8
2059,5
2370,7
4315,7
1261,6
4105,7
1096,6
4511,6
2665,5
663,5
449,6
1753,7
4094,7
177,5
3463,7
3590,7
1012,6
618,5
1878,6
374,7
3577,7
3261,5
4715,6
4633,6
821,7
1080,7
1200,6
109,5
910,5
4846,6
884,6
972,7
240,5
758,7
2582,7
2925,5
29,7
917,6
3993,7
3921,5
3223,6
732,5
2623,7
1485,6
990,5
1554,6
1930,6
3089,7
252,5
51,6
658,6
1897,6
3591,5
1971,7
2766,6
3230,6
1864,6
3821,6
1049,6
1740,6
2465,5
595,7
166,5
4821,6
979,5
3940,5
887,7
3238,5
4800,7
913,7
1796,5
88,5
564,6
1091,6
2231,6
1543,6
2292,6
1575,6
4494,6
351,6
4688,6
900,7
167,4
684,5
903,7
202,5
218,5
1196,6
1573,6
1234,6
2108,6
753,5
547,6
2823,6
2886,5
1311,6
39,5
3364,6
393,5
2819,6
689,5
1093,7
168,5
432,7
1294,6
3214,6
1641,6
2131,6
3811,5
1843,6
2259,6
478,5
3709,5
3932,8
237,6
1661,6
4113,6
908,6
4243,6
1286,6
3555,6
108,6
622,6
4676,6
1613,7
3263,8
1482,6
2808,6
1599,6
987,5
934,5
4387,6
3868,6
606,7
1442,5
1298,6
1551,5
1393,6
4478,5
1409,6
975,5
1472,5
1433,7
2667,7
3048,6
1255,5
28,5
1088,7
3191,6
3308,6
817,5
102,5
1572,5
3651,6
1688,3
3512,6
1577,6
568,6
713,5
2101,6
4324,6
2380,4
3017,6
3894,6
336,6
367,6
3918,7
2914,6
498,5
1903,5
3198,7
4896,7
2478,6
3185,6
4709,6
377,7
968,7
4503,7
1470,7
2544,6
4534,6
643,5
1271,5
2389,8
1167,6
362,5
2037,5
2876,5
1553,5
2586,7
1204,7
4336,8
2986,7
1078,5
1548,6
2319,7
629,5
1369,4
673,6
2697,5
762,6
668,6
285,5
1187,8
564,5
2123,5
484,5
1687,7
1045,5
3941,5
2828,7
3272,7
4882,5
2983,6
151,6
3793,6
1446,6
1351,6
1495,6
1460,6
415,5
958,7
2524,5
3509,6
1776,5
1810,6
1876,6
2541,6
1289,6
2288,5
1756,5
793,7
790,6
922,6
786,6
2188,6
1391,5
764,6
2595,5
942,7
1072,7
2494,4
1917,6
1047,5
1577,4
1161,6
464,5
2537,6
3442,7
3189,5
1109,6
1131,6
1335,6
4357,6
1293,4
2197,6
440,7
1222,6
4762,7
2340,6
3923,5
1089,7
3396,6
535,5
1087,6
4684,6
3133,6
1301,5
3113,6
2778,7
1367,6
2747,6
3042,6
2381,6
984,5
4241,6
3637,7
1525,5
1950,5
3457,7
4035,6
748,6
4170,7
2249,5
4685,5
1274,6
750,5
4547,6
2846,7
167,7
42,6
8,6
1665,8
4776,6
4012,6
4433,5
1049,6
1770,6
2691,6
75,5
1213,6
113,6
3251,6
916,7
1256,5
717,5
2936,5
422,6
352,6
4360,5
1739,4
3211,6
770,6
338,6
602,5
603,6
360,6
1200,6
4377,6
3458,7
1747,6
213,5
2234,5
2483,6
263,5
2351,6
1350,7
4260,6
1461,6
3951,5
623,6
4771,6
1905,6
796,6
3486,6
3287,7
2447,6
1585,6
4587,6
3240,6
3826,6
977,5
3098,7
1540,6
1288,5
294,3
4132,5
120,5
1065,6
4369,6
996,7
620,5
3571,4
156,6
3034,6
1239,4
840,7
4420,6
463,5
2954,7
1465,5
1069,6
2345,6
2493,4
3914,7
1647,7
1245,5
1804,6
2506,6
345,6
1487,6
524,5
3090,6
1317,6
2213,6
1888,5
2422,5
483,5
4430,5
3746,5
3863,6
860,8
1554,7
4404,5
91,5
2613,5
740,3
846,5
266,6
2399,6
297,5
4182,6
3510,6
3589,6
2082,6
919,7
3679,7
2466,5
2692,6
3980,5
2899,5
2477,7
4781,5
789,6
801,5
773,5
1439,6
115,6
3501,6
3758,5
3580,5
1318,6
3333,6
4631,7
288,7
2821,5
3884,6
2866,7
413,5
1019,5
3879,4
2291,6
4193,6
919,6
3336,6
265,7
3872,4
4481,5
1212,6
4406,7
1657,6
115,4
4521,5
3858,6
2487,6
1014,6
600,6
986,6
4891,6
2334,5
878,6
4784,5
4697,7
1102,6
4417,6
3703,6
4889,6
4802,8
315,6
2761,5
4612,5
1387,5
2168,7
1983,8
254,6
2261,6
51,7
3944,6
573,7
982,6
672,5
1277,5
462,5
4646,7
1849,6
935,5
3551,6
4602,6
76,5
279,7
4129,7
1419,7
1887,5
1380,6
2175,7
242,7
3516,7
4529,6
3087,3
3063,5
1491,5
501,7
3498,6
3064,5
1356,6
4772,5
778,5
2853,6
1944,5
420,7
633,4
4834,7
4079,6
2874,7
3763,5
1192,7
4442,5
359,6
3173,8
718,7
2844,5
4208,6
734,5
3385,6
352,5
2158,6
237,6
1490,6
1511,5
3949,5
636,7
1215,6
460,6
1302,6
1233,4
2890,8
1036,5
983,6
1507,6
883,5
3252,8
3760,6
3260,6
3080,6
3504,7
3787,5
3335,6
2407,6
311,6
4708,6
1874,5
214,6
249,6
2479,6
3704,6
1793,5
751,5
2109,6
1736,5
326,7
853,6
1202,8
944,7
4793,6
4724,6
806,5
3125,5
289,5
172,6
1979,6
1844,6
4674,7
567,5
662,6
4269,5
2089,6
924,5
2696,6
464,6
516,5
4679,5
3075,7
4594,6
3099,7
1371,6
671,5
1743,6
52,6
1000,7
542,5
3665,8
2836,6
194,5
4116,6
2077,6
4078,6
3091,6
1959,5
1875,5
836,7
21,5
4206,6
4258,6
421,7
2489,6
748,6
3480,8
3378,8
2713,6
3924,5
184,6
4836,5
587,5
4362,6
1157,7
3627,5
4354,6
516,6
3298,6
1802,6
2133,6
3878,5
2344,6
1499,6
1168,5
3904,7
3966,6
474,6
4619,5
3974,6
1352,5
4224,7
47,5
3897,6
3374,5
313,6
3210,5
4638,5
1172,6
1030,7
1866,6
204,6
1108,5
608,6
3381,7
788,6
1428,7
931,5
1474,5
681,6
811,6
594,5
1342,6
3291,8
1616,6
1107,7
3521,7
1228,7
1513,6
3968,6
1483,5
2167,7
2887,5
3305,7
2944,6
1083,6
386,7
3485,7
3619,6
1837,7
4551,6
431,5
583,6
125,5
506,5
65,5
3353,6
3669,7
152,5
3837,6
4205,6
1593,6
3470,8
2394,5
2412,4
397,6
754,5
1224,7
1165,5
4211,6
3162,7
1486,5
1797,8
1565,6
2891,6
3936,6
4156,5
4025,6
1359,7
1574,6
316,6
3061,5
257,5
3702,6
4246,6
4718,6
4108,6
381,6
2608,6
955,5
2734,6
1749,6
2919,5
3285,7
15,5
1375,5
771,7
1287,5
3235,6
3549,6
579,7
391,5
2682,6
1596,6
500,6
502,7
1176,4
436,5
1111,7
2005,6
1280,6
1080,6
4355,6
1941,5
1412,8
1725,6
3503,7
1248,6
161,4
4604,6
858,7
974,6
4104,7
868,7
4589,6
719,5
2787,5
1476,5
1435,6
207,4
2827,7
458,6
4833,6
148,7
2397,6
785,6
3026,6
824,5
3599,6
824,5
760,5
4695,7
4247,6
1835,5
3399,6
3629,6
4847,7
4422,6
2859,6
2523,5
4286,6
3000,7
4000,6
2901,7
663,6
3345,6
4844,6
3206,7
1467,4
1714,5
1008,7
700,6
1605,9
989,6
2283,5
1285,6
4698,6
425,6
3957,5
1892,5
3181,6
23,5
790,6
2624,5
3952,6
1694,6
3985,6
267,8
3462,6
57,5
1533,5
1337,5
215,5
2486,5
2655,5
1181,6
1543,6
223,6
2745,7
295,5
4435,6
3459,6
815,5
628,6
1250,7
977,5
1093,7
4332,8
4548,5
1395,6
4085,6
2495,5
4426,6
1997,6
3121,5
399,6
3343,7
1540,6
2316,7
1469,5
1109,4
3322,7
611,6
1264,6
2829,5
889,7
4773,7
4893,6
1716,6
183,6
3812,5
4302,6
1192,6
1204,6
1704,5
330,6
978,7
3834,5
2390,8
2873,8
751,6
998,6
1984,8
1357,6
1279,6
1441,5
1398,7
2970,5
1368,6
3915,7
3475,6
486,5
882,6
1151,5
1033,6
4436,6
613,5
3757,5
2161,7
649,6
467,6
960,6
1174,6
3373,7
3387,5
1337,5
3380,7
1103,5
2579,6
135,5
886,6
4385,5
1408,7
3835,5
3908,7
757,6
1754,6
2289,7
896,7
2420,7
3681,8
2843,6
3706,6
2989,6
4643,6
247,5
664,6
2598,5
1803,6
4188,6
1773,6
1769,7
2240,5
2430,5
2549,5
534,6
4304,6
89,6
1924,4
2975,6
4067,5
1346,7
4450,6
154,5
360,5
588,8
119,6
388,6
1231,5
24,6
4796,7
281,7
2600,7
480,5
3496,7
2664,7
353,7
2706,6
1998,6
1379,6
1023,6
510,6
4423,6
3295,5
4464,5
361,6
460,5
336,6
4489,6
4264,6
1246,5
2654,5
2449,6
4374,5
1166,5
926,6
2191,5
1830,7
36,6
54,6
3676,7
1030,6
4279,6
3013,6
550,7
1404,6
2679,6
3341,6
923,6
898,7
274,5
1515,6
32,6
4061,5
3220,5
323,6
1350,5
187,5
3484,8
747,6
1410,6
1024,6
3559,4
3506,6
421,6
4557,6
310,6
4192,6
3721,5
2711,5
2339,6
4782,6
1582,5
348,6
3581,7
49,5
4700,5
1254,5
3741,7
904,8
4262,6
1977,6
3016,6
4564,7
4367,5
837,7
3847,5
536,5
4038,5
10,5
3404,6
424,7
1185,6
497,5
1029,4
342,6
95,6
102,6
3110,6
4270,6
1771,6
1388,5
1014,5
966,6
1187,6
569,6
1121,6
3991,5
616,7
4229,6
2178,5
4659,6
2968,5
447,6
3183,6
532,6
1285,5
1487,5
1041,6
3902,6
4393,6
1450,7
322,5
2496,5
3,6
3659,8
1009,6
826,7
372,6
3552,6
2357,5
3421,8
365,6
4524,6
1011,6
2533,5
2754,5
4855,6
526,5
2282,5
4325,5
3003,7
1047,5
949,7
1264,5
3130,6
4155,5
1709,5
3429,5
3493,7
2307,5
168,6
1061,8
4327,5
3972,6
2830,5
3180,6
236,6
1443,5
3816,5
3139,6
70,6
3825,6
1006,6
1620,7
149,6
3182,5
2102,5
1514,6
2143,7
1779,8
552,7
3538,7
186,5
728,5
1010,6
466,6
1343,6
45,4
3171,6
4599,7
67,5
686,5
1098,7
472,6
2366,5
1138,5
3044,6
3739,7
4504,5
324,6
1320,5
3426,6
178,5
397,6
994,6
1424,6
2746,6
3040,5
1081,7
1417,3
3648,5
33,6
2173,5
787,6
373,6
1084,7
1321,6
4031,5
4034,5
700,5
1037,5
1060,7
3297,5
1615,6
917,6
4050,7
2775,8
273,5
1135,6
244,7
1122,7
1663,6
1478,3
545,6
2818,4
3342,5
1501,5
1134,5
814,6
897,6
419,5
1021,7
1925,6
4721,6
412,5
1219,8
4656,7
4239,7
224,6
118,6
667,6
3231,6
1315,6
1883,5
3368,6
1349,4
939,5
4794,5
1831,7
779,5
743,5
104,5
2642,5
4805,6
477,6
3360,7
1324,6
1161,6
443,6
2438,5
615,5
1183,5
2360,6
2396,5
3887,6
486,6
2764,6
884,6
4538,6
744,5
562,6
2034,5
2833,7
1279,7
1972,5
229,5
2589,4
1406,8
4098,5
98,5
935,6
3215,6
447,5
3011,6
2581,7
2473,6
2670,7
1023,6
853,5
4565,5
303,5
2128,6
251,3
1085,5
4263,6
3554,6
876,4
1283,8
381,6
1449,8
275,6
944,7
680,5
619,6
1820,6
3694,5
4816,6
749,6
92,5
2858,7
337,6
320,7
674,6
3984,7
3673,7
3319,5
203,6
4029,6
3167,7
1508,6
1249,6
690,4
2490,6
4647,7
3530,5
4563,7
4326,5
2286,5
483,5
1216,8
1458,5
1787,7
211,6
234,6
77,6
972,6
3239,7
3937,5
3413,6
1564,5
2926,8
1488,5
1077,5
3279,6
4443,5
1278,6
2000,5
1370,6
1933,5
538,7
3761,7
3640,6
1764,5
2864,6
4398,5
697,6
888,6
470,5
3802,5
1056,7
4015,5
288,7
4207,7
34,5
1369,5
424,5
3192,6
61,5
2126,5
2771,6
1501,5
2931,8
1707,5
622,5
1021,6
523,5
899,3
3076,5
1376,6
86,6
3317,6
1343,6
610,5
4767,7
154,6
4179,5
2732,5
544,6
3310,7
127,5
2552,5
2221,6
2071,6
26,5
289,7
2820,5
3055,6
329,5
3790,5
3296,5
1003,7
2585,7
1125,6
1028,7
724,4
1838,6
3372,6
1407,6
1255,6
4382,6
3570,6
706,5
3313,7
1091,6
4552,6
484,6
62,5
2694,6
3329,6
2687,5
661,7
3129,6
2187,5
2815,5
4195,8
4484,5
1603,7
4213,4
2050,3
4227,7
41,4
404,5
2647,5
2567,5
609,6
3546,6
3875,7
4672,5
238,6
295,6
258,5
1942,5
631,5
954,6
2720,7
2268,6
2105,5
1299,5
2253,5
4518,6
2960,7
398,6
3326,5
2543,6
1939,5
4101,5
3850,6
1480,6
2148,5
2822,5
3005,6
3779,7
705,5
3405,6
1103,6
1325,6
322,6
3946,6
4168,6
1221,6
451,6
4051,6
2080,5
179,6
979,5
4114,6
84,5
4837,6
130,5
1379,6
143,6
71,5
660,6
37,7
4019,5
1432,7
1493,8
650,7
3700,5
2385,5
2116,4
301,6
1583,5
4617,7
3671,7
1475,6
2688,6
705,5
31,6
125,6
1669,6
346,7
4065,8
2729,7
2330,6
4057,6
3491,6
471,6
34,5
563,7
155,6
155,5
4537,5
1505,3
2459,5
3043,6
3747,6
1067,7
4437,6
3158,7
1854,7
612,6
1374,7
2621,5
4350,6
2728,6
1767,5
2027,5
1063,5
2838,7
530,6
312,6
2117,5
983,6
346,7
3086,7
846,5
694,5
1471,6
964,6
505,7
1271,6
586,6
1244,5
2900,6
2491,5
1728,5
2356,6
90,6
905,5
503,5
1592,6
3246,6
388,6
2176,5
2470,5
3058,5
320,7
4774,4
144,6
438,7
4586,6
2959,7
192,6
3905,7
3047,5
389,7
1074,5
3023,6
2863,6
1251,5
816,5
2248,6
4045,7
2700,7
886,6
446,5
4319,7
3054,6
803,7
1456,6
4219,5
1179,6
1051,6
2551,6
2075,5
1152,4
827,5
529,6
2425,6
1042,4
956,6
1170,6
1206,6
1167,7
1731,6
4629,7
1175,6
3788,5
1518,5
493,6
3798,5
4312,6
1308,6
2966,6
1206,7
4191,5
141,5
2121,7
4292,6
4791,6
3662,4
2563,5
1865,6
1956,5
4100,6
1576,6
4639,6
2571,6
3108,5
1480,4
207,5
2656,4
4340,8
1345,8
1431,5
331,6
448,6
2428,6
1160,7
4068,6
2784,6
515,5
685,5
2267,6
549,6
3877,5
2303,5
986,7
3738,6
1851,6
3256,6
830,4
1169,6
2110,5
426,6
889,5
465,5
1555,7
276,6
791,5
3610,5
3025,7
4175,7
3607,6
1104,5
2617,7
1341,6
2879,6
1519,5
3208,5
642,6
248,7
3276,8
3540,6
3107,6
4682,6
136,5
3022,5
2999,7
963,6
391,6
1329,6
934,5
188,5
3534,5
1589,6
73,6
3870,6
245,6
4778,6
376,7
4469,6
4139,7
343,6
4473,5
2235,6
669,6
90,5
1147,5
621,5
1478,6
928,5
4210,6
1193,7
685,5
301,6
3027,5
3670,6
819,5
504,6
3070,8
3253,8
4670,6
2218,6
4109,6
3156,5
4128,5
158,8
768,7
1113,6
3988,6
2159,4
1931,3
1043,7
2739,7
1322,5
2977,6
2674,7
589,7
208,5
4813,5
3057,5
4004,7
327,6
4860,6
2400,4
389,7
269,6
2881,7
482,5
1157,6
2510,6
639,5
951,7
3095,6
2257,6
683,5
1992,5
342,6
1485,5
827,9
1464,5
453,7
513,7
489,6
641,4
769,7
611,5
965,5
1352,6
3312,7
1139,5
2577,5
867,6
1185,5
299,6
482,5
1483,4
3848,6
4523,5
1262,6
2762,5
501,6
826,6
1384,6
305,6
270,6
2424,5
909,5
2512,6
176,5
1427,5
91,6
1496,5
1602,5
210,6
3699,5
297,7
2971,5
729,5
2263,5
3507,7
2190,6
2721,5
659,4
2939,8
1113,5
559,6
1426,6
12,5
134,6
61,6
932,6
1151,6
833,4
1296,6
2164,5
3919,6
1061,5
2452,7
2361,5
1158,6
4099,6
644,5
199,4
141,5
1742,6
4573,6
184,5
1863,5
545,5
4328,5
1106,8
840,7
3920,6
2193,6
1860,6
217,5
1189,4
2060,5
1915,7
3518,5
452,7
3,6
626,5
4412,7
4731,6
2216,5
1813,6
4562,7
4501,6
1299,3
1249,5
716,5
1870,6
78,5
711,6
1057,5
3677,6
3795,6
1701,5
1,6
2669,5
3487,6
3137,6
4859,6
3782,6
54,6
4097,6
3468,8
1015,5
419,6
551,6
12,5
1434,5
19,6
326,6
1144,5
2806,5
551,7
2278,6
1320,6
1164,6
1909,5
708,6
1695,6
1528,6
916,5
1497,6
806,7
3995,5
810,5
442,7
378,6
1297,6
3618,7
985,6
4854,6
2924,6
3855,6
1906,5
1784,7
2166,5
3643,6
974,7
640,7
1149,6
4143,6
929,7
2024,5
2472,6
3766,5
788,7
1365,5
2536,6
416,6
2113,5
1395,7
4814,6
4660,6
1243,7
1889,5
2710,5
1263,6
2285,5
3132,6
1016,7
3806,5
585,6
2718,6
991,4
194,5
1650,7
2990,7
4863,7
1313,6
3228,6
4333,8
4678,6
1356,5
1315,6
1517,6
963,6
608,5
242,6
2502,4
1449,6
1406,6
1115,8
4277,5
3882,5
4705,6
871,5
4071,6
4620,6
3567,6
341,6
3686,5
2423,6
1360,5
895,6
1220,6
948,7
2740,6
2947,6
1237,5
4719,6
319,6
4543,5
4215,5
1090,8
2301,5
3169,6
4232,6
469,5
2743,6
1544,7
105,5
1017,6
1181,5
3982,7
2556,5
4755,6
1758,5
226,6
1360,6
4519,6
1455,5
1069,5
1492,5
1156,6
3473,8
3533,6
794,5
1833,7
4235,5
1333,8
412,5
4055,6
461,5
226,6
2632,5
3964,5
199,5
612,5
880,5
3620,7
4808,5
4202,6
4820,5
760,6
809,6
3069,8
97,5
638,7
68,8
2181,6
160,5
2976,6
1314,6
2521,7
208,5
1882,5
3587,6
2855,7
973,5
2458,6
2733,7
1253,7
48,5
890,6
947,5
910,6
801,5
2146,6
3050,4
2194,6
2171,7
696,6
2484,5
1353,5
2095,5
2450,5
4555,5
630,5
4508,4
2626,7
330,8
1809,6
3737,5
2653,5
181,5
1678,6
1272,5
844,8
3960,6
3344,6
1270,6
2195,5
2225,4
2982,6
2444,5
1533,6
2593,5
2514,7
2358,5
337,5
2702,5
3199,7
2392,7
117,6
1551,6
3621,7
1970,6
201,5
665,5
752,6
1238,4
1591,6
1708,4
692,5
1358,5
1226,7
1013,5
4479,5
2759,6
1227,5
2964,5
4181,6
2009,7
4124,7
1548,5
1416,6
3290,5
812,5
2649,6
2142,5
368,5
3815,7
1628,6
3576,5
4673,7
3174,8
3474,6
1464,8
1205,5
4488,6
4261,7
2756,6
1346,5
1327,6
4083,5
4789,6
3969,6
3913,6
1236,6
2812,6
3537,5
79,4
686,7
2590,6
85,6
291,5
1521,4
130,5
2314,6
898,6
4018,6
858,7
2519,5
625,5
2683,5
367,5
500,6
511,6
2961,6
810,5
1652,4
742,5
2350,5
123,5
556,5
800,6
2208,5
220,5
3283,6
3840,6
962,5
3953,7
903,6
1288,7
2480,5
4487,6
4553,6
383,6
2196,6
4734,6
1822,7
4416,5
2083,5
1842,6
2657,7
1362,7
1425,6
3445,8
461,5
2355,7
1235,4
721,5
862,5
133,6
1946,6
844,6
1420,5
1824,5
3036,5
2269,6
914,6
1713,6
2504,6
1265,6
2565,5
4725,6
479,6
2386,4
4183,7
1468,7
4285,6
745,6
2946,6
1632,8
4710,7
1359,6
1053,7
3771,6
4394,6
1862,7
1745,5
3393,6
1270,7
4895,6
1961,5
21,7
1348,5
3791,5
1439,5
4743,5
1127,7
1534,7
2735,6
822,5
4497,5
4358,5
765,6
281,8
3683,6
4421,6
4668,7
426,6
1232,7
2826,6
3021,4
1323,5
3794,5
2329,5
4135,5
258,6
2609,6
492,7
967,5
2463,7
2499,6
347,6
4669,5
209,6
629,6
1639,5
3266,6
2281,6
4838,6
429,5
3687,5
96,5
3056,5
2601,5
1246,7
2328,5
56,5
1372,6
3574,6
3135,6
25,5
1625,6
3079,5
411,6
1272,5
3713,5
1336,8
982,6
1579,4
287,7
2788,5
769,5
4111,6
1667,6
1407,6
4145,6
2663,8
203,5
394,5
1881,6
1195,6
378,6
1085,5
3624,7
735,5
616,5
1259,6
406,7
1087,8
1394,5
675,6
1381,5
3018,8
3009,6
4463,6
1457,6
4502,6
4424,6
2165,5
2492,6
4296,6
2875,6
4597,6
1730,6
3288,6
1182,5
1293,4
4567,5
4204,6
2666,7
166,6
955,5
1287,7
4531,6
3572,6
3963,7
1446,5
1777,6
1124,5
618,6
3444,5
1241,5
4867,6
933,5
2029,6
1872,5
444,7
2940,6
432,6
2074,6
1354,5
317,6
3153,6
1524,6
1564,5
159,6
3962,7
2238,6
687,5
980,6
770,7
3992,7
1503,6
2528,6
2852,5
964,6
580,5
4346,6
814,6
2840,6
1516,5
4845,5
2275,4
1231,7
106,5
1537,6
1597,6
4459,5
1520,6
2783,6
3893,5
3346,6
2226,5
1454,5
1727,6
1141,6
1467,7
591,6
69,6
1945,6
2055,6
475,5
634,5
2607,6
15,7
1362,6
4254,5
459,5
263,6
433,5
2388,4
3060,5
4714,7
3213,6
4403,5
1541,7
3020,6
4702,6
53,6
418,6
2531,4
4313,6
200,7
4581,6
632,6
4152,6
1377,6
179,5
778,7
1245,4
145,6
1199,6
1738,5
4347,7
635,5
4365,5
800,5
87,6
3440,5
1766,5
1126,7
3219,7
1450,6
729,6
2560,6
506,7
3466,6
371,6
3006,6
850,7
4359,6
4249,6
2698,6
3448,7
925,7
231,6
3691,6
382,6
430,5
3896,6
875,7
2554,7
1901,5
4200,6
1792,6
101,6
1242,6
3461,8
1531,5
256,5
230,4
1557,6
4273,6
4117,6
1496,5
1486,6
1584,6
1333,5
1910,5
2112,5
220,6
638,5
3860,5
3304,7
997,6
1342,6
3159,6
4016,5
1386,5
2744,6
3218,4
97,7
55,5
1515,6
36,5
2230,7
2160,6
3531,5
2882,5
4043,7
1223,5
1075,7
867,8
3397,6
1230,6
1452,6
517,6
1411,6
139,6
1389,5
127,7
253,5
2415,5
4866,6
227,5
2277,6
3045,6
1003,7
392,6
118,5
1094,6
1653,6
354,6
2883,7
2952,5
1092,6
1659,5
4251,6
1284,5
2967,6
4011,7
81,6
572,5
3102,6
2610,5
1137,8
28,6
1655,5
1463,6
609,6
4151,6
1173,6
1726,6
17,8
1363,4
1597,5
631,5
2634,5
1570,5
761,5
4112,6
2015,6
76,7
1376,5
1140,6
1624,7
1221,7
2872,7
772,7
423,7
2294,7
3277,7
402,5
1494,7
2973,6
1294,4
3082,6
195,5
1783,6
940,7
1623,6
3334,6
3720,7
703,6
561,5
1644,7
4881,6
3384,6
931,5
165,5
372,5
617,6
390,7
4221,6
525,5
1319,5
4320,5
3719,5
4655,7
286,6
4271,5
793,5
3383,6
2402,6
1018,6
1668,7
351,7
408,6
978,7
2395,5
1269,8
1143,6
4787,8
739,6
1590,6
1785,6
3514,6
1223,6
2325,6
2923,6
2200,5
365,7
481,6
660,5
698,5
4266,7
291,6
1996,6
589,6
1218,8
3899,5
849,6
923,6
1189,5
702,6
11,5
571,7
1855,6
527,6
3505,7
3934,6
4826,6
3033,6
1502,5
4297,6
1697,6
4218,6
3483,7
78,5
930,5
1662,7
204,4
1328,6
1660,6
333,5
1090,6
117,6
1100,6
879,5
2045,5
875,7
3037,6
2147,5
850,5
2583,7
274,5
80,6
3106,6
605,6
1527,6
708,6
1025,6
1178,5
2151,5
3912,7
3548,6
4348,6
1481,5
1827,6
4622,7
3112,5
1146,5
763,5
2375,6
4806,6
137,5
3280,5
540,4
2955,5
557,5
3925,5
2768,6
494,6
2359,5
592,5
1445,6
1448,5
2031,5
357,7
3778,7
4278,4
47,5
1361,7
3616,5
4107,6
634,6
1890,5
163,5
2057,7
4115,6
2067,5
2052,5
86,6
4225,5
598,6
2120,5
4467,5
1557,6
1459,7
4770,6
2748,8
3338,6
2443,5
230,7
1531,7
4766,8
2039,5
41,6
4447,6
1640,5
162,6
607,5
3071,7
2369,6
196,5
864,5
38,5
3767,5
298,5
3883,6
4040,5
3768,6
4852,5
1031,6
1752,6
182,5
59,6
2043,6
3675,6
563,6
4288,6
645,7
452,6
1780,5
883,6
4493,6
1985,6
4634,6
4862,6
2069,7
662,4
1092,6
655,5
3527,6
2620,5
2920,4
2296,7
244,5
1472,6
2918,6
703,4
19,5
1027,4
4077,6
709,5
584,7
1258,6
586,7
2534,7
3668,5
1846,5
1609,7
1556,5
2237,4
1222,6
1772,6
4595,6
455,6
3160,6
190,6
296,5
1523,5
1248,7
4701,6
300,6
284,5
1481,6
1393,5
18,4
906,4
4244,5
4284,6
2847,5
4373,6
2503,4
3725,6
277,6
1136,8
1670,6
3881,6
4754,6
1744,5
1426,6
46,4
3723,7
3151,6
344,6
4075,6
1303,5
42,6
2247,6
4769,6
3284,6
3339,6
174,5
4621,7
3698,6
188,8
1635,6
1477,7
1986,6
1526,6
1546,5
872,4
1133,5
856,5
2648,6
3379,5
541,6
16,7
1569,5
737,5
4477,5
456,7
798,6
701,6
2335,5
1518,6
3187,7
2174,7
490,6
1519,5
3205,7
1190,6
2507,7
3249,7
1177,7
446,5
3144,6
837,8
1168,6
3471,6
1312,5
3839,5
1062,6
135,5
780,6
4815,7
1430,5
3418,6
4717,6
1145,5
3690,7
2573,5
4391,5
2115,5
463,6
4010,6
2300,7
535,6
1795,6
4507,5
1580,5
2629,5
971,7
1026,6
1038,7
845,5
795,5
187,5
1522,5
1595,6
2280,6
3315,7
3862,6
2758,6
2135,5
655,6
4872,5
4231,6
728,5
3031,6
3490,7
259,7
3892,5
2063,5
3674,5
1978,6
2229,6
3656,7
1440,5
1470,5
4627,6
4749,6
4884,5
1937,7
2605,6
1137,6
908,4
1292,6
2861,6
4223,4
1443,6
666,6
3358,6
2908,6
876,9
216,5
600,4
1099,5
4757,7
1547,5
1702,4
3351,6
2511,6
798,6
4248,6
1402,8
946,7
243,6
4873,6
1241,7
3032,5
941,7
906,5
2995,6
2365,5
2239,6
836,8
1642,7
3309,7
1100,6
2673,6
4102,5
345,5
2186,5
4280,6
1399,6
758,5
1562,7
1281,6
818,5
3134,6
70,6
592,5
443,7
3200,7
802,7
1502,5
1498,6
4316,5
2448,6
2927,7
3073,5
845,8
4738,6
2119,4
4569,6
491,7
1282,6
1582,7
1336,5
3147,6
4824,5
3331,6
1572,6
172,4
4797,6
992,5
3614,5
1183,6
2709,5
3010,5
2725,5
2137,5
485,5
537,6
2209,6
339,7
1300,6
1506,6
2461,5
1505,7
4173,5
648,7
2965,8
1400,5
398,5
22,5
1268,6
3278,5
539,5
3163,7
445,6
1277,6
3697,6
2962,5
198,5
4178,7
1331,6
359,6
2250,6
1110,6
1070,7
3734,5
543,6
1397,5
3262,7
2851,5
3873,5
3653,6
3856,6
275,6
4361,6
2256,5
593,5
1068,7
2978,6
989,7
4681,6
264,6
1211,5
4822,6
4314,7
2763,6
162,5
3293,7
1076,6
2957,6
2659,6
4649,5
3646,7
3796,6
1484,4
3526,6
657,7
2949,6
3684,7
1208,7
283,7
2625,5
2792,5
241,5
2969,6
657,5
1116,6
448,6
3845,5
528,6
267,5
2214,5
1387,6
911,5
1155,5
841,7
3756,5
2322,6
1814,7
3752,5
2244,5
3140,6
543,6
1004,6
4498,5
1799,6
526,4
1955,5
4490,6
1119,5
3155,7
3271,7
637,5
1544,5
4095,6
4240,6
3366,6
691,5
1927,5
2354,6
2272,6
3267,6
1415,5
4197,5
2321,5
1078,5
395,7
409,4
3029,8
2058,5
1594,6
1967,7
4413,7
4843,5
2660,6
2127,5
4133,6
2262,6
3323,6
4730,5
1594,5
2910,5
4080,6
741,5
3987,6
1035,6
1055,6
3233,6
1363,4
195,6
4047,6
287,6
261,4
3172,8
3842,6
1210,6
4268,6
4603,6
2242,5
158,5
1118,5
1535,6
2597,6
4716,6
720,5
807,7
1765,5
4209,6
667,6
1444,6
1524,6
783,8
785,5
583,7
945,7
671,6
227,6
813,4
4216,5
3367,6
4322,7
1197,7
4578,7
1239,5
718,5
721,5
2717,6
3688,6
4671,5
1552,7
900,5
554,7
651,7
4623,6
2304,6
4657,7
4577,6
862,6
3149,6
3229,7
817,6
927,7
3730,6
1332,6
952,6
3150,6
2019,6
2136,6
1263,4
776,6
4163,5
225,6
4013,6
222,7
175,5
791,7
565,6
1596,5
3732,5
3609,6
3639,6
1259,6
4161,7
799,6
1755,6
428,5
4520,5
3754,8
3281,6
1720,7
4131,5
2437,6
2797,5
3494,6
570,5
1674,6
1215,5
651,5
4118,8
1017,6
2018,7
370,5
38,4
4226,7
658,5
835,8
20,6
615,5
2738,5
1516,6
4883,6
3204,5
3423,5
1656,5
1057,5
2948,6
2264,6
681,5
2405,5
1664,4
4119,7
4596,6
1325,7
957,6
4189,5
2719,6
739,5
4869,6
4686,4
961,7
332,6
601,6
1952,7
44,5
3282,7
1063,6
4858,5
518,6
1258,6
3889,6
3931,6
720,5
520,6
1509,5
105,6
1278,6
1127,6
4048,6
173,6
3146,6
3465,6
4525,6
3606,5
3542,6
1857,5
1429,5
302,6
385,6
1039,6
1559,4
621,5
522,5
151,4
715,6
992,6
4790,6
4600,6
1932,6
2811,5
4418,6
891,5
476,7
146,6
1886,5
2241,5
4185,5
427,5
1880,5
2086,5
598,8
952,7
3041,6
2689,6
2888,4
1735,6
1397,7
3593,7
1242,7
3450,7
540,5
670,6
2604,7
892,5
522,6
765,6
1235,5
2081,5
1052,5
2680,6
1186,5
1648,5
454,5
361,5
966,7
4366,6
1148,6
83,5
190,5
3332,7
1305,7
661,5
2612,7
859,6
453,7
2916,6
3717,6
362,6
4558,6
3001,7
4384,5
3081,5
4830,6
496,4
2865,6
2051,5
32,5
401,6
1281,7
4527,6
1474,4
1150,5
4007,5
74,5
777,5
2877,5
4539,5
1911,6
4438,5
2099,5
3869,6
2014,5
4765,8
4576,5
832,3
4601,6
1836,6
2252,5
4712,6
444,6
39,5
1778,8
993,5
4140,6
590,5
111,5
4378,5
3910,6
4383,6
2391,6
3844,6
1791,5
416,6
1153,6
2791,5
847,6
3553,6
1869,7
1114,4
401,5
1233,6
4342,6
6,5
1555,7
4632,6
3395,5
228,6
731,6
653,6
1364,6
2646,7
1638,5
2727,6
434,8
4677,7
331,5
3255,6
984,5
4693,6
472,6
2367,6
3608,6
314,5
455,8
1334,6
921,6
223,6
2,5
3867,5
1553,7
2096,5
2020,6
319,6
1424,6
828,8
1048,5
3890,6
2265,5
4651,7
756,6
1004,5
2928,7
2403,6
3600,6
299,5
3094,6
2279,5
1936,6
912,5
1198,6
888,6
4072,7
1893,5
742,6
1344,8
3729,5
3286,7
3776,5
334,5
3823,5
3786,5
3849,5
3328,5
3408,6
3641,6
539,6
314,5
454,7
643,5
4059,6
106,5
441,6
3007,7
2856,7
308,7
3997,7
2892,5
2842,6
1088,6
4546,6
215,5
3467,5
578,5
1136,6
126,5
4598,6
449,7
2038,5
1774,6
4372,6
104,5
3390,6
885,7
2897,5
4064,5
647,4
880,7
3451,7
932,6
2516,6
782,5
1891,5
108,6
1646,6
4607,6
517,3
262,5
4741,6
2913,5
1432,6
1584,7
664,5
9,5
1879,6
4870,7
3740,7
439,5
905,4
3184,7
1453,5
3784,6
1494,8
239,6
2012,5
2205,5
1117,6
68,5
4233,6
364,7
772,5
1382,5
1058,6
3072,6
1347,5
2002,6
1059,7
4039,4
4658,6
4513,6
995,6
456,5
65,5
1873,5
2308,5
4399,5
2724,6
3248,7
1332,7
965,6
3361,6
3938,6
699,6
3632,6
4123,6
2622,7
1649,4
4779,4
4008,6
300,6
2779,5
3330,6
3814,5
2087,6
1578,6
519,5
4483,4
1145,6
63,6
864,5
4006,6
958,7
726,7
169,5
541,5
2737,7
4704,6
1408,7
1015,6
1214,6
3425,6
1680,5
1184,5
3103,7
1149,5
1117,5
1746,5
1056,6
829,7
4642,7
554,5
777,6
2518,7
308,6
4138,6
515,6
2482,6
869,6
2185,7
3716,5
1154,6
1302,6
3708,5
781,5
4667,7
1566,6
920,7
1898,6
304,6
1159,5
1073,6
88,5
1269,6
936,6
3105,6
1112,6
856,6
1570,6
614,6
2760,6
20,8
164,5
2515,7
891,7
169,5
4149,7
379,6
3762,5
3733,6
3573,6
4835,6
882,6
198,7
1536,5
1922,5
1319,6
1610,6
82,5
1219,6
4042,7
4345,6
4571,7
1280,6
1274,6
4452,5
2464,5
2956,6
3829,7
1500,5
3422,8
4141,6
1811,5
16,6
552,6
4505,5
4005,6
4630,7
77,7
3224,6
2441,6
1845,5
2155,5
43,5
3557,6
531,5
2401,4
1210,6
120,5
3355,6
731,5
4691,7
918,6
218,5
1433,6
2805,6
1013,6
1158,6
1089,7
2798,7
732,7
1123,5
3354,7
3843,7
555,5
1195,6
1993,6
570,6
3582,6
306,5
1658,5
3077,5
498,8
991,5
3455,6
371,6
1912,6
251,6
3382,7
1918,6
4540,6
94,4
2708,6
1032,5
4441,6
2364,5
3420,5
3886,6
1968,6
1675,5
696,6
1705,6
915,5
647,6
2839,7
4585,6
2988,7
1631,6
241,6
3176,6
1673,5
143,5
340,7
2207,7
1923,5
2432,5
1549,8
174,5
2937,5
4590,6
1415,5
4272,6
3828,6
1005,7
1583,5
4159,7
2810,7
3194,5
752,5
918,6
304,5
3989,6
1111,6
723,8
804,6
693,5
1451,7
3935,5
1265,7
951,6
423,6
3126,7
1120,6
4780,5
132,5
754,6
510,5
901,7
2299,7
2040,6
596,5
3973,4
189,5
4583,6
4461,6
1717,6
1354,5
4711,6
128,7
450,6
1763,6
4276,7
133,5
2559,5
3356,6
2036,6
4427,5
2156,4
3362,6
4593,6
2641,5
4092,6
565,5
871,5
957,7
4683,6
4036,5
4001,5
1086,7
3615,6
743,5
4130,6
4291,5
246,7
4253,4
1606,6
3114,6
4147,7
4330,5
1190,6
4400,5
1512,6
650,5
2064,6
3394,5
3257,6
3452,5
3227,6
3563,5
1252,5
1576,6
4214,5
3990,6
1575,6
3236,6
4707,6
139,5
123,6
1509,5
1079,6
309,6
3950,5
250,4
3830,7
3350,6
4528,6
678,5
1229,3
2835,6
4465,5
1114,6
848,5
1351,7
4609,4
121,6
585,6
340,6
1068,7
4093,6
1312,5
1858,5
1562,5
383,6
1033,6
521,5
2212,6
3833,6
2311,7
1121,6
1253,5
1286,7
834,5
745,6
462,5
2372,4
2803,8
625,8
2566,7
1276,4
2575,6
2085,6
3340,6
3626,5
121,5
1130,6
812,7
2453,6
3488,6
2661,6
1227,5
469,5
2021,6
711,5
642,5
3012,6
1468,5
3898,7
1429,5
2731,5
2785,5
393,6
2414,4
3439,5
970,7
722,6
3808,6
1805,5
3682,7
4451,5
1459,6
3536,6
4875,6
852,5
4853,5
1452,7
1539,5
1511,6
902,7
786,5
597,6
2061,6
52,7
4605,6
2118,6
3961,5
2845,7
1710,5
503,7
406,6
4579,6
2627,7
676,6
861,7
129,6
582,5
1919,6
17,5
3780,5
1082,6
2909,6
1331,5
1399,6
2030,6
49,5
559,6
1798,6
4230,6
1237,6
2922,8
3024,6
369,7
4636,5
29,6
4522,6
229,5
4298,6
1907,7
1297,7
2517,6
2902,5
1316,6
112,5
2546,5
3769,5
193,5
2715,6
4654,7
854,6
1191,7
2076,5
3693,7
2042,6
1020,6
3947,7
2097,5
1853,5
4081,6
2550,5
4496,6
405,5
976,6
307,6
153,5
1491,5
3014,6
2409,4
3508,5
4164,5
170,6
2041,5
2635,6
1534,6
2475,5
290,7
2276,6
3352,6
1522,5
2362,6
4592,6
1900,6
2592,5
75,5
534,6
1339,6
941,6
1357,6
4395,5
46,5
4486,6
2421,5
1283,6
3432,5
390,8
895,6
1075,7
687,4
40,6
347,6
156,5
81,5
4795,7
10,5
2980,7
710,5
1748,5
1122,6
1637,6
546,6
1859,6
3120,6
107,6
999,7
644,5
1252,6
1981,8
878,6
504,7
1561,5
4308,6
3168,6
3876,5
548,7
4616,5
1007,5
2026,5
2182,5
4499,6
574,6
420,7
776,6
243,7
1381,7
114,5
1489,6
60,6
676,6
1877,6
775,5
4294,5
2929,6
2979,7
3799,5
468,6
2799,7
3152,6
1073,5
438,6
525,6
865,5
547,6
4250,6
1571,6
474,6
3550,6
1166,5
956,5
1374,3
698,5
981,7
488,7
157,5
266,4
1306,8
4828,5
1371,7
2705,6
1344,5
2751,6
3532,6
3237,7
222,5
1528,6
950,5
4153,5
311,8
997,7
3212,5
2246,4
1095,5
2644,6
4663,7
2065,5
457,5
1962,5
491,7
2832,6
838,7
2336,5
590,5
4376,5
1000,7
514,7
1671,7
781,6
4777,6
4386,6
3701,5
2814,7
1326,6
2871,6
2658,7
1951,4
414,6
1947,5
1627,5
509,7
2124,7
3596,7
904,7
1723,8
4169,7
4282,5
357,6
566,6
2387,4
3100,7
150,7
1538,5
221,6
2513,5
3523,5
1066,7
4574,7
3547,6
831,4
280,6
2476,6
4880,6
847,5
257,7
832,8
747,5
948,4
3320,5
1038,7
3728,7
3306,7
2295,6
3097,5
1960,5
1542,6
3196,7
3965,4
3165,6
926,5
646,5
3417,4
4652,5
3636,7
1070,7
1982,8
3479,7
1267,6
843,5
2098,6
3302,6
3792,6
1029,7
1988,6
3104,5
996,5
1031,7
417,5
4661,5
2636,5
1059,4
3647,7
2963,7
1377,6
4812,7
50,6
3008,7
210,5
4818,6
2114,6
3853,7
654,5
437,8
2934,5
576,4
2013,6
542,6
202,5
1546,6
980,6
4033,6
4625,5
417,5
4257,5
1309,6
690,3
279,7
677,7
780,4
2789,5
2633,5
321,5
774,6
970,6
1818,6
4727,6
3391,8
1008,7
3242,6
2210,7
4842,6
1495,7
823,5
3667,8
2981,7
4238,5
30,6
2807,5
1159,6
1473,5
83,6
178,4
2056,5
2353,7
2671,7
3954,5
1402,6
298,6
110,6
3148,6
1367,5
363,5
1052,5
2834,6
233,5
2153,6
2941,5
3138,6
2338,5
2332,6
3710,5
344,6
3930,6
2017,5
1046,6
3664,8
2023,6
2090,5
842,6
1935,5
2451,5
403,6
569,6
735,6
1123,6
725,5
296,5
246,5
1064,6
712,5
2638,6
953,7
124,5
3805,6
1550,5
1349,5
1175,5
437,6
773,6
4212,4
2106,5
1291,6
4728,6
544,6
3654,6
1318,6
1448,6
4172,6
329,5
4810,5
3250,6
2203,5
1428,5
1689,6
1440,7
1964,5
1775,6
782,7
476,5
2418,5
938,7
1225,6
1058,7
4309,6
2984,6
481,8
893,5
4517,6
3434,6
829,6
699,5
4396,5
239,6
332,6
3078,5
807,6
2790,6
82,5
2070,6
1581,5
355,6
343,5
3578,4
445,3
3088,6
338,5
4415,5
1458,6
4157,7
533,6
407,7
4610,6
1104,6
4032,5
4389,4
4337,8
4760,6
797,7
328,6
759,5
1672,5
260,6
555,7
2974,6
2066,5
1686,5
766,5
2685,7
272,5
4454,6
1340,6
269,6
408,6
2695,6
1604,5
1980,8
857,5
3859,5
3895,6
4637,6
2650,5
2025,5
766,5
375,7
1039,5
4653,7
3292,5
3245,5
1806,5
4301,5
4897,6
3123,5
595,5
733,6
2270,7
3927,5
2584,7
